sec,gate131,state135,mode,branch,phase,target_parity,target_wb,target_wc
0,643,,UNKNOWN,59,48,0,32777,32767
1,643,35041,OFF,59,60,0,32777,32767
2,643,35041,OFF,54,3,1,65025,7
3,643,35041,OFF,54,9,1,65025,7
4,643,35041,OFF,54,19,1,65025,7
5,643,35041,OFF,59,26,0,32777,32767
6,643,35041,OFF,54,33,1,65025,7
7,643,35041,OFF,54,45,1,65025,7
8,643,35041,OFF,59,50,0,32777,32767
9,643,35041,OFF,59,60,0,32777,32767
10,643,35041,OFF,54,1,1,65025,7
11,643,35041,OFF,59,10,0,32777,32767
12,643,35041,OFF,59,18,0,32777,32767
13,643,35041,OFF,59,26,0,32777,32767
14,643,35041,OFF,59,36,0,32777,32767
15,643,35041,OFF,54,43,1,65025,7
16,643,35041,OFF,59,50,0,32777,32767
17,643,35041,OFF,54,57,1,65025,7
18,643,35041,OFF,59,2,0,32777,32767
19,643,35041,OFF,59,12,0,32777,32767
20,643,35041,OFF,59,18,0,32777,32767
21,643,35041,OFF,54,27,1,65025,7
22,643,35041,OFF,59,34,0,32777,32767
23,643,35041,OFF,59,42,0,32777,32767
24,3584,16610,ACC_ARMED,59,50,0,32777,32767
25,640,18658,UNKNOWN,59,60,0,32777,32767
26,656,16610,TRANSITION,59,2,0,32777,32767
27,656,16610,TRANSITION,54,9,1,65025,7
28,656,16610,TRANSITION,59,20,0,32777,32767
29,656,16610,TRANSITION,59,26,0,32777,32767
30,640,24802,MANAGED,59,34,0,32777,32767
31,640,24802,MANAGED,54,41,1,65025,7
32,640,24802,MANAGED,54,51,1,65025,7
33,640,24802,MANAGED,59,58,0,32777,32767
34,640,24802,MANAGED,59,2,0,32777,32767
35,640,24802,MANAGED,59,10,0,32777,32767
36,640,24802,MANAGED,59,20,0,32777,32767
37,640,24802,MANAGED,54,27,1,65025,7
38,640,24802,MANAGED,59,36,0,32777,32767
39,640,24802,MANAGED,59,42,0,32777,32767
40,640,24802,MANAGED,59,52,0,32777,32767
41,640,24802,MANAGED,54,59,1,65025,7
42,656,16610,TRANSITION,59,4,0,32777,32767
43,656,16610,TRANSITION,54,9,1,65025,7
44,640,24802,MANAGED,59,20,0,32777,32767
45,640,24802,MANAGED,59,26,0,32777,32767
46,640,24802,MANAGED,54,33,1,65025,7
47,640,24802,MANAGED,54,41,1,65025,7
48,640,24802,MANAGED,59,52,0,32777,32767
49,640,24802,MANAGED,59,58,0,32777,32767
50,640,24802,MANAGED,54,3,1,65025,7
51,640,24802,MANAGED,54,9,1,65025,7
52,640,24802,MANAGED,54,21,1,65025,7
53,640,24802,MANAGED,59,28,0,32777,32767
54,640,24802,MANAGED,54,35,1,65025,7
55,640,24802,MANAGED,59,40,0,32777,32767
56,640,24802,MANAGED,59,52,0,32777,32767
57,640,24802,MANAGED,59,60,0,32777,32767
58,640,24802,MANAGED,59,4,0,32777,32767
59,640,24802,MANAGED,54,9,1,65025,7
60,640,24802,MANAGED,59,16,0,32777,32767
61,640,24802,MANAGED,59,24,0,32777,32767
62,640,24802,MANAGED,59,34,0,32777,32767
63,640,24802,MANAGED,59,42,0,32777,32767
64,640,24802,MANAGED,59,52,0,32777,32767
65,640,24802,MANAGED,59,58,0,32777,32767
66,640,24802,MANAGED,54,3,1,65025,7
67,640,24802,MANAGED,59,10,0,32777,32767
68,640,24802,MANAGED,54,19,1,65025,7
69,640,24802,MANAGED,54,27,1,65025,7
70,640,24802,MANAGED,54,35,1,65025,7
71,640,24802,MANAGED,59,40,0,32777,32767
72,640,24802,MANAGED,54,51,1,65025,7
73,640,24802,MANAGED,54,59,1,65025,7
74,640,24802,MANAGED,59,2,0,32777,32767
75,640,24802,MANAGED,59,12,0,32777,32767
76,640,24802,MANAGED,59,18,0,32777,32767
77,640,24802,MANAGED,59,26,0,32777,32767
78,640,24802,MANAGED,54,35,1,65025,7
79,640,24802,MANAGED,59,42,0,32777,32767
80,640,24802,MANAGED,59,48,0,32777,32767
81,640,24802,MANAGED,54,59,1,65025,7
82,640,24802,MANAGED,54,3,1,65025,7
83,640,24802,MANAGED,59,8,0,32777,32767
84,640,24802,MANAGED,54,19,1,65025,7
85,640,24802,MANAGED,59,26,0,32777,32767
86,640,24802,MANAGED,54,35,1,65025,7
87,640,24802,MANAGED,54,43,1,65025,7
88,640,24802,MANAGED,54,51,1,65025,7
89,640,24802,MANAGED,54,57,1,65025,7
90,640,24802,MANAGED,54,1,1,65025,7
91,640,24802,MANAGED,54,9,1,65025,7
92,640,24802,MANAGED,59,18,0,32777,32767
93,640,24802,MANAGED,59,26,0,32777,32767
94,640,24802,MANAGED,54,35,1,65025,7
95,640,24802,MANAGED,59,42,0,32777,32767
96,640,24802,MANAGED,59,52,0,32777,32767
97,640,24802,MANAGED,54,59,1,65025,7
98,640,24802,MANAGED,54,1,1,65025,7
99,640,24802,MANAGED,54,9,1,65025,7
100,640,24802,MANAGED,59,16,0,32777,32767
101,640,24802,MANAGED,59,28,0,32777,32767
102,640,24802,MANAGED,54,33,1,65025,7
103,640,24802,MANAGED,59,42,0,32777,32767
104,640,24802,MANAGED,59,50,0,32777,32767
105,640,24802,MANAGED,59,58,0,32777,32767
106,640,24802,MANAGED,59,0,0,32777,32767
107,640,24802,MANAGED,59,10,0,32777,32767
108,640,24802,MANAGED,59,18,0,32777,32767
109,640,24802,MANAGED,59,24,0,32777,32767
110,640,24802,MANAGED,54,33,1,65025,7
111,640,24802,MANAGED,54,39,1,65025,7
112,640,24802,MANAGED,59,48,0,32777,32767
113,640,24802,MANAGED,59,58,0,32777,32767
114,640,24802,MANAGED,59,0,0,32777,32767
115,640,24802,MANAGED,54,11,1,65025,7
116,640,24802,MANAGED,59,18,0,32777,32767
117,640,24802,MANAGED,54,25,1,65025,7
118,640,24802,MANAGED,54,33,1,65025,7
119,640,24802,MANAGED,54,41,1,65025,7
120,640,24802,MANAGED,59,52,0,32777,32767
121,640,24802,MANAGED,59,56,0,32777,32767
122,640,24802,MANAGED,59,2,0,32777,32767
123,640,24802,MANAGED,54,11,1,65025,7
124,640,24802,MANAGED,59,16,0,32777,32767
125,640,24802,MANAGED,59,24,0,32777,32767
126,640,24802,MANAGED,59,34,0,32777,32767
127,640,24802,MANAGED,54,43,1,65025,7
128,640,24802,MANAGED,54,49,1,65025,7
129,640,24802,MANAGED,54,57,1,65025,7
130,640,24802,MANAGED,54,1,1,65025,7
131,640,24802,MANAGED,54,9,1,65025,7
132,640,24802,MANAGED,59,18,0,32777,32767
133,640,24802,MANAGED,54,27,1,65025,7
134,640,24802,MANAGED,54,33,1,65025,7
135,640,24802,MANAGED,54,41,1,65025,7
136,640,24802,MANAGED,54,51,1,65025,7
137,640,24802,MANAGED,59,56,0,32777,32767
138,640,24802,MANAGED,59,4,0,32777,32767
139,640,24802,MANAGED,54,9,1,65025,7
140,640,24802,MANAGED,59,16,0,32777,32767
141,656,16610,TRANSITION,54,25,1,65025,7
142,656,16610,TRANSITION,54,33,1,65025,7
143,656,16610,TRANSITION,54,39,1,65025,7
144,656,16610,TRANSITION,59,48,0,32777,32767
145,3584,16610,ACC_ARMED,59,56,0,32777,32767
146,3584,16610,ACC_ARMED,54,3,1,65025,7
147,3584,16610,ACC_ARMED,59,8,0,32777,32767
148,3584,16610,ACC_ARMED,54,17,1,65025,7
149,3584,16610,ACC_ARMED,59,26,0,32777,32767
150,3584,16610,ACC_ARMED,59,32,0,32777,32767
151,3584,16610,ACC_ARMED,59,40,0,32777,32767
152,3584,16610,ACC_ARMED,59,50,0,32777,32767
153,3584,16610,ACC_ARMED,59,58,0,32777,32767
154,3584,16610,ACC_ARMED,59,2,0,32777,32767
155,3584,16610,ACC_ARMED,54,7,1,65025,7
156,3584,16610,ACC_ARMED,59,18,0,32777,32767
157,3584,16610,ACC_ARMED,59,26,0,32777,32767
158,3584,16610,ACC_ARMED,54,31,1,65025,7
159,3584,16610,ACC_ARMED,54,41,1,65025,7
160,3584,16610,ACC_ARMED,54,51,1,65025,7
161,3584,16610,ACC_ARMED,54,59,1,65025,7
162,3584,16610,ACC_ARMED,59,2,0,32777,32767
